{
	"credit": "Made with Blockbench",
	"texture_size": [32, 32],
	"textures": {
		"0": "./goggles",
		"particle": "./goggles"
	},
	"elements": [
		{
			"from": [3.99, -0.01, 3.99],
			"to": [12.01, 5.01, 12.01],
			"faces": {
				"north": {"uv": [4, 4, 8, 6.5], "texture": "#0"},
				"east": {"uv": [0, 4, 4, 6.5], "texture": "#0"},
				"south": {"uv": [12, 4, 16, 6.5], "texture": "#0"},
				"west": {"uv": [8, 4, 12, 6.5], "texture": "#0"},
				"up": {"uv": [4, 4, 8, 0], "texture": "#0"},
				"down": {"uv": [8, 0, 12, 4], "texture": "#0"}
			}
		},
		{
			"from": [12, 0, 4],
			"to": [4, 5, 12],
			"faces": {
				"north": {"uv": [4, 4, 8, 6.5], "texture": "#0"},
				"east": {"uv": [0, 4, 4, 6.5], "texture": "#0"},
				"south": {"uv": [12, 4, 16, 6.5], "texture": "#0"},
				"west": {"uv": [8, 4, 12, 6.5], "texture": "#0"},
				"up": {"uv": [4, 4, 8, 0], "texture": "#0"},
				"down": {"uv": [8, 0, 12, 4], "texture": "#0"}
			}
		}
	],
	"display": {
		"thirdperson_righthand": {
			"rotation": [75, 45, 0],
			"translation": [0, 2.5, 0],
			"scale": [0.375, 0.375, 0.375]
		},
		"thirdperson_lefthand": {
			"rotation": [75, 45, 0],
			"translation": [0, 2.5, 0],
			"scale": [0.375, 0.375, 0.375]
		},
		"firstperson_righthand": {
			"rotation": [0, 45, 0],
			"translation": [0, 4.5, 0],
			"scale": [0.4, 0.4, 0.4]
		},
		"firstperson_lefthand": {
			"rotation": [0, 225, 0],
			"translation": [0, 4.5, 0],
			"scale": [0.4, 0.4, 0.4]
		},
		"ground": {
			"translation": [0, 3, 0],
			"scale": [0.25, 0.25, 0.25]
		},
		"gui": {
			"rotation": [30, 225, 0],
			"scale": [0.625, 0.625, 0.625]
		},
		"head": {
			"translation": [0, 10, 0],
			"scale": [1.61, 1.61, 1.61]
		},
		"fixed": {
			"rotation": [-90, 0, 0],
			"translation": [0, 0, -16],
			"scale": [2, 2, 2]
		}
	}
}