{
	"parent": "block/block",
	"textures": {
		"0": "block/spruce_leaves/spruce_leaves_side",
		"1": "block/spruce_leaves/spruce_leaves",
		"2": "block/spruce_leaves/spruce_leaves_top",
		"particle": "block/spruce_leaves/spruce_leaves_side"
	},
	"elements": [
		{
			"from": [0, 0, 0],
			"to": [16, 16, 16],
			"faces": {
				"north": {"uv": [0, 0, 16, 16], "texture": "#0"},
				"east": {"uv": [0, 0, 16, 16], "texture": "#0"},
				"south": {"uv": [0, 0, 16, 16], "texture": "#0"},
				"west": {"uv": [0, 0, 16, 16], "texture": "#0"},
				"up": {"uv": [0, 0, 16, 16], "texture": "#2", "cullface": "up"},
				"down": {"uv": [0, 0, 16, 16], "texture": "#1"}
			}
		}
	]
}
